<?xml version="1.0" encoding="UTF-8" standalone="yes"?>
<locationRequest>
<location>
    <locationID>Chicago IS</locationID>
    <name>Target Chicago Now</name>
    <address1>298 W McKinley Ave</address1>
    <address2>Washington St</address2>
    <city>Chicago</city>
    <region>IL</region>
    <postalCode>94086</postalCode>
    <country>US</country>
    <latitude>57.374488</latitude>
    <longitude>-80.032876</longitude>
    <hours>
        <day>
            <dayOfWeek>1</dayOfWeek>
            <interval>
                <open>08:00:00</open>
                <close>23:00:00</close>
            </interval>
        </day>
        <day>
            <dayOfWeek>2</dayOfWeek>
            <interval>
                <open>08:00:00</open>
                <close>23:00:00</close>
            </interval>
        </day>
        <day>
            <dayOfWeek>3</dayOfWeek>
            <interval>
                <open>08:00:00</open>
                <close>23:00:00</close>
            </interval>
        </day>
        <day>
            <dayOfWeek>4</dayOfWeek>
            <interval>
                <open>08:00:00</open>
                <close>23:00:00</close>
            </interval>
        </day>
        <day>
            <dayOfWeek>5</dayOfWeek>
            <interval>
                <open>08:00:00</open>
                <close>23:00:00</close>
            </interval>
        </day>
        <day>
            <dayOfWeek>6</dayOfWeek>
            <interval>
                <open>08:00:00</open>
                <close>23:00:00</close>
            </interval>
        </day>
        <day>
            <dayOfWeek>7</dayOfWeek>
            <interval>
                <open>08:00:00</open>
                <close>21:00:00</close>
            </interval>
        </day>
    </hours>
     <specialHours>
        <day>
            <date>2013-11-24</date>
            <interval>
                <open>09:00:00</open>
                <close>11:30:00</close>
            </interval>
            <interval>
                <open>13:30:00</open>
                <close>17:30:00</close>
            </interval>
        </day>
        <day>
            <date>2013-12-25</date>
        </day>
    </specialHours>
    <utcOffset>-05:00</utcOffset>
    <phone>(408)702-1012</phone>
    <url>http://www.target.com</url>
    <pickupInstructions>Must have a valid ID during pickup</pickupInstructions>
    <status>ENABLE</status>
</location>
  
<location>
    <locationID>Sunnyvale CA</locationID>
    <name>Target Sunnyvale Now</name>
    <address1>298 W McKinley Ave</address1>
    <address2>De Anza Blvd</address2>
    <city>Sunnyvale</city>
    <region>CA</region>
    <postalCode>94086</postalCode>
    <country>US</country>
    <latitude>37.374488</latitude>
    <longitude>-122.032876</longitude>
    <hours>
        <day>
            <dayOfWeek>1</dayOfWeek>
            <interval>
                <open>08:00:00</open>
                <close>23:00:00</close>
            </interval>
        </day>
        <day>
            <dayOfWeek>2</dayOfWeek>
            <interval>
                <open>08:00:00</open>
                <close>23:00:00</close>
            </interval>
        </day>
        <day>
            <dayOfWeek>3</dayOfWeek>
            <interval>
                <open>08:00:00</open>
                <close>23:00:00</close>
            </interval>
        </day>
        <day>
            <dayOfWeek>4</dayOfWeek>
            <interval>
                <open>08:00:00</open>
                <close>23:00:00</close>
            </interval>
        </day>
        <day>
            <dayOfWeek>5</dayOfWeek>
            <interval>
                <open>08:00:00</open>
                <close>23:00:00</close>
            </interval>
        </day>
        <day>
            <dayOfWeek>6</dayOfWeek>
            <interval>
                <open>08:00:00</open>
                <close>23:00:00</close>
            </interval>
        </day>
        <day>
            <dayOfWeek>7</dayOfWeek>
            <interval>
                <open>08:00:00</open>
                <close>21:00:00</close>
            </interval>
        </day>
    </hours>
     <specialHours>
        <day>
            <date>2013-11-24</date>
            <interval>
                <open>09:00:00</open>
                <close>11:30:00</close>
            </interval>
            <interval>
                <open>13:30:00</open>
                <close>17:30:00</close>
            </interval>
        </day>
        <day>
            <date>2013-12-25</date>
        </day>
    </specialHours>
    <utcOffset>-05:00</utcOffset>
    <phone>(408)702-1012</phone>
    <url>http://www.macy.com</url>
    <pickupInstructions>Must have a valid ID during pickup</pickupInstructions>
    <status>DISABLE</status>
</location>
</locationRequest>
