SKU,localizedFor,variationGroupId,actionCode,sourceLocale,title,subtitle,template,productDescription,additionalInfo,customFields,attributes,measurementSystem,weightMajor,weightMinor,length,width,height,packageType,pictureURLs,productId,category,condition,conditionDescription,conditionPictureURL,compatibility,variationVector
// comments,,,,,,,,,,,,,,,,,,,,,,,,,,
// comments,,"For MSKU Product, variationgroup should be followed by variants for each locale",,,,,,,,,Give the correct json structure as in this sample,,,,,,,,Give the correct json structure as in this sample,,Give the correct json structure as in this sample,,,,,Give the correct json structure as in this sample
,en_US,MIP_GROUP_1,,,New Ralph Lauren Polo shirt Pink Black Blue Yellow mip_group_1,Perfect Fit Tops,,"New Ralph Lauren Polo womens tops shirts! Black, Pink, Yellow, Blue ",,,"{""design"":[""Ralph Lauren""], ""Style"":[""Polo Shirt""]}",,,,,,,,"[{""displayOrder"":""1"", ""url"":""http://i.ebayimg.com/00/s/MTYwMFgxNTc5/z/1UsAAOSwEppUP1h6/$_57.JPG""}]",,"{""EBAY_LEAF_CATEGORY"":""53159""}",,,,,"[{""name"":""size"", ""displayOrder"":""2"",""selectedValueOnPageDisplay"":""sz""},{""name"":""Color"", ""displayOrder"":""1"", ""selectedValueOnPageDisplay"":""Color""},{""name"":""Size Type"", ""displayOrder"":""3"", ""selectedValueOnPageDisplay"":""Size Type""}]"
MIP_SKU_4,en_US,MIP_GROUP_1,,,,,, Variation Level Decription,,,"{""Color"":[""Pink""], ""size"":[""PS""],""Size Type"":[""Petites""]}",,,,,,,,,,,NEW OTHER,Brand New Product,"[{""displayOrder"":""1"", ""url"":""http://i.ebayimg.com/00/s/MTYwMFgxNTc5/z/1UsAAOSwEppUP1h6/$_57.JPG""}]",,
MIP_SKU_5,en_US,MIP_GROUP_1,,,,,,,,,"{""Color"":[""Blue""], ""size"":[""PL""],""Size Type"":[""Petites""]}",,,,,,,,"[{""displayOrder"":""1"", ""url"":""http://i.ebayimg.com/00/s/MTYwMFgxNTc5/z/1UsAAOSwEppUP1h6/$_57.JPG""}]",,,NEW OTHER,Brand New Product,,,
