SKU,localizedFor,variationGroupId,actionCode,sourceLocale,title,subtitle,template,productDescription,additionalInfo,customFields,attributes,measurementSystem,weightMajor,weightMinor,length,width,height,packageType,pictureURLs,productId,category,condition,conditionDescription,conditionPictureURL,compatibility,variationVector
//comment,,,,,,,,,,,,,,,,,,,,,,,,,,
MIP_SKU_COMPATIBILITIES_1,en_US,,,,Mugen Engine Oil Fuel Filler Filter Tank Cap with SKU : MIP_SKU_COMPATIBILITIES_1,,,Mugen Engine Oil Fuel Filler Filter Tank Cap with SKU : mip_sku_compatibilities_1,,,,ENGLISH,5,4,3,5,6,,"[{""displayOrder"":""1"", ""url"":""http://i.ebayimg.com/00/s/MTYwMFgxNTc5/z/1UsAAOSwEppUP1h6/$_57.JPG""}]",,"{""EBAY_LEAF_CATEGORY"":""50456""}",NEW,,,"[{""notes"":""notes1"", ""Year"":[""2014""], ""Make"": [""Honda""], ""Model"":[""Accord""], ""Trim"":[""EX Coupe 2-Door""], ""Engine"":[""2.4L 2354CC 144Cu. In. l4 GAS DOHC Naturally Aspirated""]},
{""notes"":""notes2"", ""Year"":[""2014""], ""Make"": [""Honda""], ""Model"":[""Accord""], ""Trim"":[""LX Sedan 4-Door""], ""Engine"":[""2.4L 2354CC 144Cu. In. l4 GAS DOHC Naturally Aspirated""]},{""notes"":""notes3"", ""Year"":[""2014""], ""Make"": [""Honda""], ""Model"":[""Accord""], ""Trim"":[""Hybrid Sedan 4-Door""], ""Engine"":[""2.0L 1993CC 122Cu. In. l4 ELECTRIC/GAS DOHC Naturally Aspirated""]},{""notes"":""notes4"", ""Year"":[""2014""], ""Make"": [""Honda""], ""Model"":[""Accord""], ""Trim"":[""Plug-In Sedan 4-Door""], ""Engine"":[""2.0L 1993CC 122Cu. In. l4 ELECTRIC/GAS DOHC Naturally Aspirated""]}]
",
