SKU,localizedFor,variationGroupId,actionCode,sourceLocale,title,subtitle,template,productDescription,additionalInfo,customFields,attributes,measurementSystem,weightMajor,weightMinor,length,width,height,packageType,pictureURLs,productId,category,condition,conditionDescription,conditionPictureURL,compatibility,variationVector
// comments,,"For MSKU Product, variationgroup should be followed by variants for each locale",,,,,,,,,Give the correct json structure as in this sample,,,,,,,,Give the correct json structure as in this sample,,Give the correct json structure as in this sample,,,,,Give the correct json structure as in this sample
,en_US,MIP_GROUP_2,,,New Ralph Lauren Polo shirt Pink Black Blue Yellow US,Perfect Fit Tops,,"New Ralph Lauren Polo womens tops shirts! Black, Pink, Yellow, Blue.with group id mip_group_2",Additional Information for the buyer,,"{""design"":[""Ralph Lauren""], ""style"":[""Polo Shirt""]}",,,,,,,,"[{""displayOrder"":""1"", ""url"":""http://i.ebayimg.com/00/s/MTYwMFgxNTc5/z/1UsAAOSwEppUP1h6/$_57.JPG""}]",,"{""EBAY_LEAF_CATEGORY"":""53159""}",,,,,"[{""name"":""size"", ""displayOrder"":""2"",""selectedValueOnPageDisplay"":""sz""},{""name"":""color"", ""displayOrder"":""1"", ""selectedValueOnPageDisplay"":""Color""},{""name"":""Size Type"", ""displayOrder"":""3"", ""selectedValueOnPageDisplay"":""Size Type""}]"
MIP_SKU_6,en_US,MIP_GROUP_2,,,,,, Variation Level Decription,,,"{""color"":[""Pink""], ""size"":[""PS""],""Size Type"":[""Petites""]}",,,,,,,,"[{""displayOrder"":""1"", ""url"":""http://i.ebayimg.com/00/s/MTYwMFgxNTc5/z/1UsAAOSwEppUP1h6/$_57.JPG""}]",,,NEW,Brand New Product,,,
MIP_SKU_7,en_US,MIP_GROUP_2,,,,,,,,,"{""color"":[""Blue""], ""size"":[""PL""],""Size Type"":[""Petites""]}",,,,,,,,"[{""displayOrder"":""1"", ""url"":""http://i.ebayimg.com/00/s/MTYwMFgxNTc5/z/1UsAAOSwEppUP1h6/$_57.JPG""}]",,,NEW,Brand New Product,,,
,en_AU,MIP_GROUP_2,,,New Ralph Lauren Polo shirt Pink Black Blue Yellow AU,Perfect Fit Tops,,"New Ralph Lauren Polo womens tops shirts! Black, Pink, Yellow, Blue group id mip_group_2",,,"{""design"":[""Ralph Lauren""], ""style"":[""Polo Shirt"", ""V-Neck']}",,,,,,,,"[{""displayOrder"":""1"", ""url"":""http://i.ebayimg.com/00/s/MTYwMFgxNTc5/z/1UsAAOSwEppUP1h6/$_57.JPG""}]",,"{""EBAY_LEAF_CATEGORY"":""53159""}",,,,,"[{""name"":""size"", ""displayOrder"":""3"",""selectedValueOnPageDisplay"":""sz""},{""name"":""color"", ""displayOrder"":""1"", ""selectedValueOnPageDisplay"":""Color""},{""name"":""Size Type"", ""displayOrder"":""2"", ""selectedValueOnPageDisplay"":""Size Type""}]"
MIP_SKU_6,en_AU,MIP_GROUP_2,,,,,,,,,"{""color"":[""Pink""], ""size"":[""L""],""Size Type"":[""Petites""]}",,,,,,,,"[{""displayOrder"":""1"", ""url"":""http://i.ebayimg.com/00/s/MTYwMFgxNTc5/z/1UsAAOSwEppUP1h6/$_57.JPG""}]",,,NEW,Brand New Product,,,
MIP_SKU_7,en_AU,MIP_GROUP_2,,,,,,,,,"{""color"":[""Green""], ""size"":[""PL""],""Size Type"":[""Petites""]}",,,,,,,,"[{""displayOrder"":""1"", ""url"":""http://i.ebayimg.com/00/s/MTYwMFgxNTc5/z/1UsAAOSwEppUP1h6/$_57.JPG""}]",,,NEW,Brand New Product,,,
