SKU,channelID,actionCode,shippingPolicyName,shippingCostOverrides,maxQuantityPerBuyer,paymentPolicyName,returnPolicyName,listPrice,strikeThroughPrice,minimumAdvertisedPriceHandling,minimumAdvertisedPrice,soldOnEbay,soldOffEbay,storeCategory1Name,storeCategory2Name,eBayNowEligible,pickupInStoreEligible,applyTax,taxCategory
// test comments,,,Replace business policy names with your seller's business policy names,,,,,,,,,,,,,,,,
MIP_SKU_6,EBAY_US,,FreeEconomy,,5,PayPal,NoReturns,"{""value"":24,""currencyId"":""USD""}",,,,,,,,,,,
MIP_SKU_7,EBAY_US,,FreeEconomy,,4,PayPal,NoReturns,"{""value"":28,""currencyId"":""USD""}",,,,,,,,,,,
MIP_SKU_6,EBAY_AU,,FreeStandard_AU,,3,PayPal_AU,NoReturns_AU,"{""value"":23,""currencyId"":""AUD""}",,,,,,,,,,,
MIP_SKU_7,EBAY_AU,,FreeStandard_AU,,4,PayPal_AU,NoReturns_AU,"{""value"":25,""currencyId"":""AUD""}",,,,,,,,,,,
