<?xml version="1.0" encoding="UTF-8"?> 
<distributionRequest>
	<distribution>
		<channelID>EBAY_US</channelID> 
		<SKU>MIP_SKU_12</SKU>
		<listingDetails>
			<shippingPolicyName>FreeEconomy</shippingPolicyName> <!-- Replace business policy names with your seller's business policy names. -->
			<shippingCostOverrides>
				<shippingCost>1.00</shippingCost>
				<additionalCost>1.00</additionalCost>
				<priority>1</priority>
				<shippingServiceType>Domestic</shippingServiceType>
			</shippingCostOverrides>
			<maxQuantityPerBuyer>5</maxQuantityPerBuyer>
			<paymentPolicyName>PayPal</paymentPolicyName> <!-- Replace business policy names with your seller's business policy names. -->
			<returnPolicyName>NoReturns</returnPolicyName> <!-- Replace business policy names with your seller's business policy names. -->
			<pricingDetails>
				<listPrice>111.00</listPrice>
				<strikeThroughPrice>100.00</strikeThroughPrice>
				<minimumAdvertisedPrice>112.00</minimumAdvertisedPrice>
				<minimumAdvertisedPriceHandling>PreCheckout</minimumAdvertisedPriceHandling>
				<soldOnEbay>false</soldOnEbay>
				<soldOffEbay>false</soldOffEbay>
			</pricingDetails>
			<storeCategory1Name>test1/test2/test3</storeCategory1Name> <!-- Replace store category names with your seller's store category names. -->
			<storeCategory2Name>abc\def\ghi</storeCategory2Name>
			<eBayNowEligible>false</eBayNowEligible>
			<pickupInStoreEligible>false</pickupInStoreEligible>
			<applyTax>false</applyTax>
		</listingDetails>
	</distribution>
	<distribution>
		<channelID>EBAY_AU</channelID> 
		<SKU>MIP_SKU_12</SKU>
		<listingDetails>
			<shippingPolicyName>FreeStandard_AU</shippingPolicyName> <!-- Replace business policy names with your seller's business policy names. -->
			<shippingCostOverrides>
				<shippingCost>1.00</shippingCost>
				<additionalCost>1.00</additionalCost>
				<surcharge></surcharge>
				<priority>1</priority>
				<shippingServiceType>Domestic</shippingServiceType>
			</shippingCostOverrides>
			<maxQuantityPerBuyer>5</maxQuantityPerBuyer>
			<paymentPolicyName>PayPal_AU</paymentPolicyName> <!-- Replace business policy names with your seller's business policy names. -->
			<returnPolicyName>NoReturns_AU</returnPolicyName> <!-- Replace business policy names with your seller's business policy names. -->
			<pricingDetails>
				<listPrice>111.00</listPrice>
				<strikeThroughPrice>100.00</strikeThroughPrice>
				<minimumAdvertisedPrice>112.00</minimumAdvertisedPrice>
				<minimumAdvertisedPriceHandling>PreCheckout</minimumAdvertisedPriceHandling>
				<soldOnEbay>false</soldOnEbay>
				<soldOffEbay>false</soldOffEbay>
			</pricingDetails>
			<storeCategory1Name>test1/test2/test3</storeCategory1Name> <!-- Replace store category names with your seller's store category names. -->
			<storeCategory2Name>abc\def\ghi</storeCategory2Name>
			<eBayNowEligible>false</eBayNowEligible>
			<pickupInStoreEligible>false</pickupInStoreEligible>
			<applyTax>false</applyTax>
		</listingDetails>
	</distribution>
</distributionRequest>