<?xml version="1.0" encoding="UTF-8"?> 
<distributionRequest>
	<distribution>
		<channelID>EBAY_US</channelID> 
		<SKU>MIP_SKU_16</SKU>
		<listingDetails>
			<shippingPolicyName>FreeEconomy</shippingPolicyName> <!-- Replace business policy names with your seller's business policy names. -->
			<paymentPolicyName>PayPal</paymentPolicyName>
			<returnPolicyName>NoReturns</returnPolicyName>
			<maxQuantityPerBuyer>5</maxQuantityPerBuyer>
			<pricingDetails>
				<listPrice>24.00</listPrice>
			</pricingDetails>
			<eBayNowEligible>false</eBayNowEligible>
			<pickupInStoreEligible>false</pickupInStoreEligible>
			<applyTax>false</applyTax>
		</listingDetails>
	</distribution>
	<distribution>
		<channelID>EBAY_US</channelID> 
		<SKU>MIP_SKU_17</SKU>
		<listingDetails>
			<shippingPolicyName>FreeEconomy</shippingPolicyName> <!-- Replace business policy names with your seller's business policy names. -->
			<paymentPolicyName>PayPal</paymentPolicyName>
			<returnPolicyName>NoReturns</returnPolicyName>
			<maxQuantityPerBuyer>5</maxQuantityPerBuyer>
			<pricingDetails>
				<listPrice>23.00</listPrice>
			</pricingDetails>
			<eBayNowEligible>false</eBayNowEligible>
			<pickupInStoreEligible>false</pickupInStoreEligible>
			<applyTax>false</applyTax>
		</listingDetails>
	</distribution>
	<distribution>
		<channelID>EBAY_AU</channelID>
		<SKU>MIP_SKU_16</SKU>
		<listingDetails>
			<shippingPolicyName>FreeStandard_AU</shippingPolicyName> <!-- Replace business policy names with your seller's business policy names. -->
			<paymentPolicyName>PayPal_AU</paymentPolicyName>
			<returnPolicyName>NoReturns_AU</returnPolicyName>
			<maxQuantityPerBuyer>10</maxQuantityPerBuyer>
			<pricingDetails>
				<listPrice>23.00</listPrice>
			</pricingDetails>
			<eBayNowEligible>false</eBayNowEligible>
			<pickupInStoreEligible>false</pickupInStoreEligible>
			<applyTax>false</applyTax>
		</listingDetails>
	</distribution>
	<distribution>
		<channelID>EBAY_AU</channelID> 
		<SKU>MIP_SKU_17</SKU>
		<listingDetails>
			<shippingPolicyName>FreeStandard_AU</shippingPolicyName> <!-- Replace business policy names with your seller's business policy names. -->
			<paymentPolicyName>PayPal_AU</paymentPolicyName>
			<returnPolicyName>NoReturns_AU</returnPolicyName>
			<maxQuantityPerBuyer>10</maxQuantityPerBuyer>
			<pricingDetails>
				<listPrice>23.00</listPrice>
			</pricingDetails>
			<eBayNowEligible>false</eBayNowEligible>
			<pickupInStoreEligible>false</pickupInStoreEligible>
			<applyTax>false</applyTax>
		</listingDetails>
	</distribution>
</distributionRequest>