<?xml version="1.0" encoding="UTF-8"?> 
<distributionRequest>
	<distribution>
		<channelID>EBAY_MOTORS</channelID> 
		<SKU>MIP_SKU_COMPATIBILITIES_11</SKU>
		<listingDetails>
			<shippingPolicyName>FreeEconomy</shippingPolicyName> <!-- Replace business policy names with your seller's business policy names. -->
			<maxQuantityPerBuyer>5</maxQuantityPerBuyer>
			<paymentPolicyName>PayPal</paymentPolicyName> <!-- Replace business policy names with your seller's business policy names. -->
			<returnPolicyName>NoReturns</returnPolicyName> <!-- Replace business policy names with your seller's business policy names. -->
			<pricingDetails>
				<listPrice>111.00</listPrice>
			</pricingDetails>
			<eBayNowEligible>false</eBayNowEligible>
			<pickupInStoreEligible>false</pickupInStoreEligible>
			<applyTax>false</applyTax>
		</listingDetails>
	</distribution>
</distributionRequest>
