﻿<?xml version='1.0' encoding='UTF-8'?>
<pendingOrderFulfillmentResponse>
  <pendingOrderFulfillment>
    <order>
      <orderID>6394946015</orderID>
      <channelID>EBAY_US</channelID>
      <createdDate>2014-10-31T19:15:33.000Z</createdDate>
      <buyer>
        <buyerID>sm_mip_us_11</buyerID>
        <firstName>QIBUS</firstName>
        <lastName>Seller</lastName>
        <email>sm_mip_us_11@ebay.com</email>
      </buyer>
      <seller>
        <sellerID>sm_mip_us_13</sellerID>
      </seller>
      <logisticsPlan fulfillmentType="SHIP">
        <shipping shippingType="DIRECT">
          <shippingService>
            <service/>
            <method>Other</method>
          </shippingService>
          <shipToAddress>
            <addressID>8351808012</addressID>
            <name>QIBUS Seller</name>
            <phone>408 367 1234</phone>
            <addressLine1>2145 Hamilton Avenue</addressLine1>
            <addressLine2/>
            <city>San Jose</city>
            <stateOrProvince>CA</stateOrProvince>
            <postalCode>95125</postalCode>
            <country>US</country>
          </shipToAddress>
          <expectedDeliveryDate/>
        </shipping>
      </logisticsPlan>
      <lineItem>
        <lineItemID>220005037961-8565957012</lineItemID>
        <listing>
          <channelID>EBAY_US</channelID>
          <itemID>220005037961</itemID>
          <SKU>MIP_SKU_2</SKU>
          <title>Fashion Women Lady Elegant Crystal Rhinestone Ear Stud Earrings with SKU : mi...</title>
        </listing>
        <quantity>2</quantity>
        <unitPrice currencyCode="USD">111.0</unitPrice>
        <subtotal>
          <priceline type="ITEM">
            <amount currencyCode="USD">222.00</amount>
          </priceline>
          <priceline type="SHIPPING">
            <amount currencyCode="">2.00</amount>
          </priceline>
          <priceline type="ITEM_TAX">
            <description>SalesTax</description>
            <amount currencyCode="USD">0.00</amount>
          </priceline>
          <priceline type="RECYCLING">
            <description>ElectronicWasteRecyclingFee</description>
            <amount currencyCode="USD">0.00</amount>
          </priceline>
          <sumtotal currencyCode="USD">224.00</sumtotal>
        </subtotal>
      </lineItem>
      <lineItem>
        <lineItemID>220005037989-8565956012</lineItemID>
        <listing>
          <channelID>EBAY_US</channelID>
          <itemID>220005037989</itemID>
          <SKU>MIP_SKU_4</SKU>
          <title>New Ralph Lauren Polo shirt Pink Black Blue Yellow mip_group_1[Pink,PS,Petites]</title>
        </listing>
        <quantity>3</quantity>
        <unitPrice currencyCode="USD">24.0</unitPrice>
        <subtotal>
          <priceline type="ITEM">
            <amount currencyCode="USD">72.00</amount>
          </priceline>
          <priceline type="SHIPPING">
            <amount currencyCode="">3.00</amount>
          </priceline>
          <priceline type="ITEM_TAX">
            <description>SalesTax</description>
            <amount currencyCode="USD">0.00</amount>
          </priceline>
          <priceline type="RECYCLING">
            <description>ElectronicWasteRecyclingFee</description>
            <amount currencyCode="USD">0.00</amount>
          </priceline>
          <sumtotal currencyCode="USD">75.00</sumtotal>
        </subtotal>
      </lineItem>
      <payment>
        <paymentID>66X60197GW873670K</paymentID>
        <total currencyCode="USD">299.0</total>
      </payment>
      <total>
        <priceline type="ITEM">
          <amount currencyCode="USD">294.0</amount>
        </priceline>
        <priceline type="ITEM_TAX">
          <amount currencyCode="USD">0.0</amount>
        </priceline>
        <priceline type="SHIPPING">
          <amount currencyCode="USD">5.0</amount>
        </priceline>
        <priceline type="DISCOUNT">
          <amount currencyCode="USD">0.0</amount>
        </priceline>
        <sumtotal currencyCode="USD">299.0</sumtotal>
      </total>
      <status>
        <paymentStatus>PENDING</paymentStatus>
        <logisticsStatus>NOT_SHIPPED</logisticsStatus>
      </status>
      <note/>
    </order>
  </pendingOrderFulfillment>
</pendingOrderFulfillmentResponse>