﻿<?xml version='1.0' encoding='UTF-8'?>
<pendingOrderFulfillmentResponse>
  <pendingOrderFulfillment>
    <order>
      <orderID>130007036740-8419692003</orderID>
      <channelID>EBAY_US</channelID>
      <createdDate>2014-10-30T20:44:12.000Z</createdDate>
      <buyer>
        <buyerID>sm_mip_us_11</buyerID>
        <firstName/>
        <lastName/>
        <email>sm_mip_us_11@ebay.com</email>
      </buyer>
      <seller>
        <sellerID>sm_mip_us_12</sellerID>
      </seller>
      <logisticsPlan fulfillmentType="SHIP">
        <shipping shippingType="DIRECT">
          <shippingService>
            <service/>
            <method>Other</method>
          </shippingService>
          <shipToAddress>
            <addressID>8351808012</addressID>
            <name>QIBUS Seller</name>
            <phone>408 367 1234</phone>
            <addressLine1>2145 Hamilton Avenue</addressLine1>
            <addressLine2/>
            <city>San Jose</city>
            <stateOrProvince>CA</stateOrProvince>
            <postalCode>95125</postalCode>
            <country>US</country>
          </shipToAddress>
          <expectedDeliveryDate/>
        </shipping>
      </logisticsPlan>
      <lineItem>
        <lineItemID>130007036740-8419692003</lineItemID>
        <listing>
          <channelID>EBAY_US</channelID>
          <itemID>130007036740</itemID>
          <SKU>mip_sku_1</SKU>
          <title>Harry Potter and the Sorcerer's Stone SKU : mip_sku_1</title>
        </listing>
        <quantity>2</quantity>
        <unitPrice currencyCode="USD">111.0</unitPrice>
        <subtotal>
          <priceline type="ITEM">
            <amount currencyCode="USD">222.00</amount>
          </priceline>
          <priceline type="SHIPPING">
            <amount currencyCode="">2.00</amount>
          </priceline>
          <priceline type="ITEM_TAX">
            <description>SalesTax</description>
            <amount currencyCode="USD">0.00</amount>
          </priceline>
          <priceline type="RECYCLING">
            <description>ElectronicWasteRecyclingFee</description>
            <amount currencyCode="USD">0.00</amount>
          </priceline>
          <sumtotal currencyCode="USD">224.00</sumtotal>
        </subtotal>
      </lineItem>
      <payment>
        <paymentID>7F968237NE964242M</paymentID>
        <total currencyCode="USD">224.0</total>
      </payment>
      <total>
        <priceline type="ITEM">
          <amount currencyCode="USD">222.0</amount>
        </priceline>
        <priceline type="ITEM_TAX">
          <amount currencyCode="USD">0.0</amount>
        </priceline>
        <priceline type="SHIPPING">
          <amount currencyCode="USD">2.0</amount>
        </priceline>
        <priceline type="DISCOUNT">
          <amount currencyCode="USD">0.0</amount>
        </priceline>
        <sumtotal currencyCode="USD">224.0</sumtotal>
      </total>
      <status>
        <paymentStatus>PENDING</paymentStatus>
        <logisticsStatus>NOT_SHIPPED</logisticsStatus>
      </status>
      <note/>
    </order>
  </pendingOrderFulfillment>
</pendingOrderFulfillmentResponse>