<productRequest>	
	<product>
	   <SKU>MIP_SKU_11</SKU>
		<productInformation localizedFor="en_US">
		    <title>Harry Potter and the Sorcerer's Stone SKU : mip_sku_1</title>
			<description>
				<productDescription>Harry Potter and the Sorcerer's Stone book 1 with SKU MIP_SKU_11</productDescription>
			</description>
			<attribute name="Binding">Hard</attribute>
			<attribute name="Language">English</attribute>
			<pictureURL>http://i.ebayimg.com/00/s/MTYwMFgxNTc5/z/1UsAAOSwEppUP1h6/$_57.JPG</pictureURL> <!-- Replace image url with your product image urls. -->
			<shippingDetails measurementSystem="ENGLISH"> <!-- measurementSystem can be ENGLISH or METRIC -->
				<weightMajor>5</weightMajor>
				<weightMinor>4</weightMinor>
			</shippingDetails>
			<productID productIDType="ISBN">9780590353427</productID>
			<category categoryType="EBAY_LEAF_CATEGORY">279</category> <!-- categoryType should be EBAY_LEAF_CATEGORY for the category to be applied. -->
			<conditionInfo>
				<condition>Used</condition>
				<conditionDescription>Used but like new</conditionDescription>
				<pictureURL displayOrder="1">http://i.ebayimg.com/00/s/MTYwMFgxNTc5/z/1UsAAOSwEppUP1h6/$_57.JPG</pictureURL> <!-- Replace image url with your product image urls. -->
			</conditionInfo>
		</productInformation>
	</product>
</productRequest>