<?xml version="1.0" encoding="UTF-8"?>
<productRequest>
	<productVariationGroup> <!-- For MSKU product, productVariationGroup should be followed by product variants in order. -->
		<groupID>MIP_GROUP_12</groupID>
		<groupInformation localizedFor="en_US">
			<variationVector>
				<name displayOrder="3">color</name>
				<name displayOrder="1">size</name>
				<name displayOrder="2">Size Type</name>
			</variationVector>
			<category categoryType="EBAY_LEAF_CATEGORY">53159</category> <!-- categoryType should be EBAY_LEAF_CATEGORY for the category to be applied. -->
			<sharedProductInformation>
				<title>New Ralph Lauren Polo shirt Pink Black Blue Yellow US</title>
				<subtitle>Perfect Fit Tops</subtitle>
				<description>
					<productDescription>New Ralph Lauren Polo womens tops shirts! Black, Pink, Yellow, Blue.with group id MIP_GROUP_12</productDescription>
					<additionalInfo>Additional Information for the buyer</additionalInfo>
				</description>
				<attribute name="design">Ralph Lauren</attribute>
				<attribute name="style">Polo Shirt</attribute>
				<pictureURL displayOrder="1">http://i.ebayimg.com/00/s/MTYwMFgxNTc5/z/1UsAAOSwEppUP1h6/$_57.JPG</pictureURL><!-- Replace image url with your product image urls. -->
			</sharedProductInformation>
		</groupInformation>
		<groupInformation localizedFor="en_AU">
			<variationVector>
				<name displayOrder="1">color</name>
				<name displayOrder="3">size</name>
				<name displayOrder="2">Size Type</name>
			</variationVector>
			<category categoryType="EBAY_LEAF_CATEGORY">53159</category>
			<sharedProductInformation>
				<title>New Ralph Lauren Polo shirt Pink Black Blue Yellow AU</title>
				<subtitle>Perfect Fit Tops</subtitle>
				<description>
					<productDescription>New Ralph Lauren Polo womens tops shirts! Black, Pink, Yellow, Blue group id MIP_GROUP_12</productDescription>
				</description>
				<attribute name="design">Ralph Lauren</attribute>
				<attribute name="style">Polo Shirt</attribute>
				<attribute name="style">V-Neck</attribute>
				<pictureURL>http://i.ebayimg.com/00/s/MTYwMFgxNTc5/z/1UsAAOSwEppUP1h6/$_57.JPG</pictureURL>
			</sharedProductInformation>
		</groupInformation>
	</productVariationGroup>	
	<product>
		<SKU variantOf="MIP_GROUP_12">MIP_SKU_16</SKU>
		<productInformation localizedFor="en_AU">
			<attribute name="color">Red</attribute>
			<attribute name="size">L</attribute>
			<attribute name="Size Type">Petites</attribute>
			<pictureURL>http://i.ebayimg.com/00/s/MTYwMFgxNTc5/z/1UsAAOSwEppUP1h6/$_57.JPG</pictureURL>
			<conditionInfo>
				<condition>New</condition>
				<conditionDescription>Brand New Product</conditionDescription>
			</conditionInfo>
		</productInformation>
		<productInformation localizedFor="en_US">
			<attribute name="color">Pink</attribute>
			<attribute name="size">PS</attribute>
			<attribute name="Size Type">Petites</attribute>
			<pictureURL>http://i.ebayimg.com/00/s/MTYwMFgxNTc5/z/1UsAAOSwEppUP1h6/$_57.JPG</pictureURL>
			<conditionInfo>
				<condition>New</condition>
				<conditionDescription>Brand New Product</conditionDescription>
			</conditionInfo>
		</productInformation>
	</product>	
	<product>
		<SKU variantOf="MIP_GROUP_12">MIP_SKU_17</SKU>
		<productInformation localizedFor="en_US">
			<attribute name="color">Blue</attribute>
			<attribute name="size">PL</attribute>
			<attribute name="Size Type">Petites</attribute>
			<pictureURL>http://i.ebayimg.com/00/s/MTYwMFgxNTc5/z/1UsAAOSwEppUP1h6/$_57.JPG</pictureURL>
			<conditionInfo>
				<condition>New</condition>
				<conditionDescription>Brand New Product</conditionDescription>
			</conditionInfo>
		</productInformation>
		<productInformation localizedFor="en_AU">
			<attribute name="color">Green</attribute>
			<attribute name="size">PL</attribute>
			<attribute name="Size Type">Petites</attribute>
			<pictureURL>http://i.ebayimg.com/00/s/MTYwMFgxNTc5/z/1UsAAOSwEppUP1h6/$_57.JPG</pictureURL>
			<conditionInfo>
				<condition>New</condition>
				<conditionDescription>Brand New Product</conditionDescription>
			</conditionInfo>
		</productInformation>
	</product>	
</productRequest>
