<productRequest>	
	<product>
	   <SKU>MIP_SKU_COMPATIBILITIES_11</SKU>
		<productInformation localizedFor="en_US">
		    <title>Mugen Engine Oil Fuel Filler Filter Tank Cap with SKU : MIP_SKU_COMPATIBILITIES_11</title>
			<description>
				<productDescription><![CDATA[Test Item]]></productDescription>
			</description>
			<pictureURL>http://i.ebayimg.com/00/s/MTIwMFgxNjAw/z/~E8AAMXQVT9TFqFv/$_57.JPG</pictureURL>
			<shippingDetails measurementSystem="ENGLISH">
				<weightMajor>5</weightMajor>
				<weightMinor>4</weightMinor>
				<length>3</length>
				<width>5</width>
				<height>6</height>
			</shippingDetails>
			<category categoryType="EBAY_LEAF_CATEGORY">50456</category>
			<conditionInfo>
				<condition>New</condition>
			</conditionInfo>
			<compatibility>
				<notes></notes>
				<value name="Year">2014</value>
				<value name="Make">Honda</value>
				<value name="Model">Accord</value>
				<value name="Trim">EX Coupe 2-Door</value>
				<value name="Engine">2.4L 2354CC 144Cu. In. l4 GAS DOHC Naturally Aspirated</value>
			</compatibility>
			<compatibility>
				<notes></notes>
				<value name="Year">2014</value>
				<value name="Make">Honda</value>
				<value name="Model">Accord</value>
				<value name="Trim">LX Sedan 4-Door</value>
				<value name="Engine">2.4L 2354CC 144Cu. In. l4 GAS DOHC Naturally Aspirated</value>
			</compatibility>
			<compatibility>
				<notes></notes>
				<value name="Year">2014</value>
				<value name="Make">Honda</value>
				<value name="Model">Accord</value>
				<value name="Trim">Hybrid Sedan 4-Door</value>
				<value name="Engine">2.0L 1993CC 122Cu. In. l4 ELECTRIC/GAS DOHC Naturally Aspirated</value>
			</compatibility>
			<compatibility>
				<notes></notes>
				<value name="Year">2014</value>
				<value name="Make">Honda</value>
				<value name="Model">Accord</value>
				<value name="Trim">Plug-In Sedan 4-Door</value>
				<value name="Engine">2.0L 1993CC 122Cu. In. l4 ELECTRIC/GAS DOHC Naturally Aspirated</value>
			</compatibility>
			<compatibility>
				<notes></notes>
				<value name="Year">2014</value>
				<value name="Make">Honda</value>
				<value name="Model">Accord</value>
				<value name="Trim">Touring Sedan 4-Door</value>
				<value name="Engine">3.5L 3471CC 212Cu. In. V6 GAS SOHC Naturally Aspirated</value>
			</compatibility>
		</productInformation>
	</product>
</productRequest>