<?xml version="1.0" encoding="UTF-8"?>
<productRequest>
	<productVariationGroup> <!-- For MSKU product, productVariationGroup should be followed by product variants in order. -->
		<groupID>MIP_GROUP_11</groupID>
		<groupInformation localizedFor="en_US">
			<variationVector>
				<name>Color</name>
				<name>size</name>
				<name>Size Type</name>
			</variationVector>
			<category categoryType="EBAY_LEAF_CATEGORY">53159</category>
			<sharedProductInformation>
				<title>New Ralph Lauren Polo shirt Pink Black Blue Yellow MIP_GROUP_11</title>
				<subtitle>Perfect Fit Tops</subtitle>
				<description>
					<productDescription>New Ralph Lauren Polo womens tops shirts! Black, Pink, Yellow, Blue </productDescription>
				</description>
				<attribute name="design">Ralph Lauren</attribute>
				<attribute name="Style">Polo Shirt</attribute>
				<pictureURL displayOrder="1">http://i.ebayimg.com/00/s/MTYwMFgxNTc5/z/1UsAAOSwEppUP1h6/$_57.JPG</pictureURL><!-- Replace image urls with your product image urls -->
			</sharedProductInformation>
		</groupInformation>
	</productVariationGroup>	
	<product>
		<SKU variantOf="MIP_GROUP_11">MIP_SKU_14</SKU>
		<productInformation localizedFor="en_US">
			<description>
				<productDescription> Variation Level Decription</productDescription>
			</description>
			<attribute name="Color">Pink</attribute>
			<attribute name="size">PS</attribute>
			<attribute name="Size Type">Petites</attribute>
			<conditionInfo>
				<condition>New Other</condition>
				<conditionDescription>Brand New Product</conditionDescription>
				<pictureURL>http://i.ebayimg.com/00/s/MTYwMFgxNTc5/z/1UsAAOSwEppUP1h6/$_57.JPG</pictureURL><!-- Replace image urls with your product image urls -->
			</conditionInfo>
		</productInformation>
	</product>	
	<product>
		<SKU variantOf="MIP_GROUP_11">MIP_SKU_15</SKU>
		<productInformation localizedFor="en_US">
			<attribute name="Color">Blue</attribute>
			<attribute name="size">PL</attribute>
			<attribute name="Size Type">Petites</attribute>
			<pictureURL>http://i.ebayimg.com/00/s/MTYwMFgxNTc5/z/1UsAAOSwEppUP1h6/$_57.JPG</pictureURL><!-- Replace image urls with your product image urls -->
			<conditionInfo>
				<condition>new Other</condition>
				<conditionDescription>Brand New Product</conditionDescription>
			</conditionInfo>
		</productInformation>
	</product>
</productRequest>
