<productRequest>	
	<product>
	   <SKU>MIP_MOTORS_SKU_11</SKU>
		<productInformation localizedFor="en_US">
		    <title>2013 Bayliner Cruise Sailboat with SKU : MIP_MOTORS_SKU_11</title>
			<description>
				<template>description.html</template>
				<productDescription>2013 Bayliner Cruise Sailboat Text Description</productDescription>
			</description>
			<attribute name="Year">2013</attribute>
			<attribute name="Make">Morris</attribute>
			<pictureURL>http://i.ebayimg.com/00/s/MTYwMFgxNTc5/z/1UsAAOSwEppUP1h6/$_57.JPG</pictureURL>
			<category categoryType="EBAY_LEAF_CATEGORY">63731</category>
			<conditionInfo>
				<condition>Used</condition>
				<conditionDescription>Used but like new</conditionDescription>
			</conditionInfo>
		</productInformation>
	</product>
</productRequest>