<productRequest>	
	<product>
	   <SKU>MIP_MOTORS_PA_SKU_11</SKU>
		<productInformation localizedFor="en_US">
		    <title>Engine Oil Filler Cap Parts Master with SKU :MIP_MOTORS_PA_SKU_11</title>
			<description>
				<template>description.html</template>
				<productDescription>Engine Oil Filler Cap Parts Master Test Description</productDescription>
			</description>
			<attribute name="Year">2014</attribute>
			<attribute name="Make">Acura</attribute>
			<attribute name="Model">TL</attribute>
			<productID productIDType="UPC">885370593372</productID>
			<category categoryType="EBAY_LEAF_CATEGORY">33622</category>
			<conditionInfo>
				<condition>Used</condition>
				<conditionDescription>Used but like new</conditionDescription>
				<pictureURL>http://i.ebayimg.com/00/s/MTYwMFgxNTc5/z/1UsAAOSwEppUP1h6/$_57.JPG</pictureURL>
			</conditionInfo>
		</productInformation>
	</product>
</productRequest>