<productRequest>	
	<product>
	   <SKU>MIP_SKU_13</SKU>
		<productInformation localizedFor="en_US">
		    <title>Fashion Women Lady Elegant Crystal Rhinestone Ear Stud Earrings with SKU : MIP_SKU_13</title>
			<description>
				<productDescription>Test description</productDescription>
			</description>
			<attribute name="Metal">Gold</attribute>
			<attribute name="Style">Stud</attribute>
			<productID productIDType="BRAND">Delve</productID>
			<productID productIDType="MPN">885370593372</productID>
			<category categoryType="EBAY_LEAF_CATEGORY">50647</category>  <!-- categoryType should be EBAY_LEAF_CATEGORY for the category to be applied. -->
			<conditionInfo>
				<condition>New</condition>
				<pictureURL displayOrder="3">http://i.ebayimg.com/00/s/MTYwMFgxNTc5/z/1UsAAOSwEppUP1h6/$_57.JPG</pictureURL> <!-- Replace image url with your product image urls. -->
				<pictureURL displayOrder="2">http://i.ebayimg.com/00/s/MTYwMFgxNTc5/z/1UsAAOSwEppUP1h6/$_57.JPG</pictureURL>
				<pictureURL displayOrder="1">http://i.ebayimg.com/00/s/MTYwMFgxNTc5/z/1UsAAOSwEppUP1h6/$_57.JPG</pictureURL>	
			</conditionInfo>
		</productInformation>
	</product>
</productRequest>