<productRequest>	
	<product>
	   <SKU>MIP_SKU_12</SKU>
		<productInformation localizedFor="en_US">
		    <title>Fashion Women Lady Elegant Crystal Rhinestone Ear Stud Earrings with SKU : MIP_SKU_12</title>
			<description>
				<productDescription>Test description for US locale.</productDescription>
			</description>
			<attribute name="Metal">Gold</attribute>
			<attribute name="Style">Stud</attribute>
			<category categoryType="EBAY_LEAF_CATEGORY">50647</category>
			<conditionInfo>
				<condition>New</condition>
				<pictureURL displayOrder="3">http://i.ebayimg.com/00/s/MTYwMFgxNTc5/z/1UsAAOSwEppUP1h6/$_57.JPG</pictureURL> <!-- Replace image url with your product image urls. -->
				<pictureURL displayOrder="2">http://i.ebayimg.com/00/s/MTYwMFgxNTc5/z/1UsAAOSwEppUP1h6/$_57.JPG</pictureURL>
				<pictureURL displayOrder="1">http://i.ebayimg.com/00/s/MTYwMFgxNTc5/z/1UsAAOSwEppUP1h6/$_57.JPG</pictureURL>	
			</conditionInfo>
		</productInformation>
		<productInformation localizedFor="en_AU">
		    <title>Fashion Women Lady Elegant Crystal Rhinestone Ear Stud Earrings with SKU : mip_sku_2</title>
			<subtitle>for AU locale</subtitle>
			<description>
				<productDescription>Test description for AU locale.</productDescription>
				<additionalInfo>Additional Info for the AU item</additionalInfo>
				<customField name="customname1">customvalue1</customField>
				<customField name="customname2">customvalue2</customField>
			</description>
			<attribute name="Style">Stud</attribute>
			<pictureURL>http://i.ebayimg.com/00/s/MTYwMFgxNTc5/z/1UsAAOSwEppUP1h6/$_57.JPG</pictureURL> <!-- Replace image url with your product image urls. -->
			<category categoryType="EBAY_LEAF_CATEGORY">50647</category>
			<conditionInfo>
				<condition>New</condition>
			</conditionInfo>
		</productInformation>
	</product>
</productRequest>